"{""0"": ""\u041d\u0443 \u043f\u043e\u0447\u0442\u0438 \u0440\u0435\u0434\u043a\u043e"", ""1"": ""\u0440\u0435\u0434\u043a\u043e"", ""2"": "" \u043d\u0438\u0447\u043e\u0441\u0435"", ""3"": ""\u0424\u0418\u0413\u0410\u0421\u0415"", ""4"": ""(\u2299_\u2299)"", ""5"": ""\u0421\u0423\u041f\u0415\u0420|\u041f\u0423\u041f\u0415\u0420|\u041e\u041c\u0415\u0413\u0410|\u0413\u0418\u041f\u0415\u0420|\u0423\u041b\u042c\u0422\u0420\u0410|\u041f\u0420\u041e|\u041c\u0410\u041a\u0421|\u041d\u0415|\u0410\u0419\u0424\u041e\u041d""}",0
"–ö–∞–ø–µ—Ü –ø–æ—Ö–æ–¥—É –≤ –∑–∏–º–µ 4 –º–µ—Å—è—Ü–∞: –ù–æ—è–±—Ä—å,–î–µ–∫–∞–±—Ä—å,–Ø–Ω–≤–∞—Ä—å,–§–µ–≤—Ä–∞–ª—å",0
–ù–∞–≤–µ—Ä–Ω–æ–µ –¥–æ–ª–∂–µ–Ω –≤ —ç—Ç—É –ø–æ—Ä—É –ø–æ–π—Ç–∏ —Å–Ω–µ–≥,0
–í—ã –¥–æ–ª–∂–Ω—ã —Å—ä–µ—Å—Ç—å 5 —à—Ç—É–∫ –º–∞–Ω–¥–∞—Ä–∏–Ω–æ–≤ —Å–µ–π—á–∞—Å –∂–µ,0
–û–ª–∏–≤—å–µ –Ω–∞ –Ω–æ–≤—ã–π –≥–æ–¥ –∂–¥–µ—Ç –≤–∞—Å,0
–†–æ–±—É–∫—Å—ã –Ω–µ –¥–∞—é—Ç –∑–∞ –ø–∞—Ä–∫—É—Ä,0
–ú–Ω–µ –Ω–µ –ø–ª–∞—Ç—è—Ç –∑–∞ —Ç–æ —á—Ç–æ —è –≥–æ–≤–æ—Ä—é,0
–ù–µ –∑–∞–±—É–¥—å—Ç–µ –ø–æ–∑–¥—Ä–∞–≤–∏—Ç—å —Ä–æ–¥—Å—Ç–≤–µ–Ω–Ω–∏–∫–æ–≤ —Å –ù–æ–≤—ã–º –ì–æ–¥–æ–º –∫–æ–≥–¥–∞ –æ–Ω –Ω–∞—Å—Ç—É–ø–∏—Ç!,0
–ü–æ–∑–¥—Ä–∞–≤–ª—è—é! Happy crisis!,0
–ü–æ—Å–∏–¥–∏–º –¥–æ —Å–ª–µ–¥—É—é—â–µ–π —Ö–æ—Ä–æ—à–µ–π —Ü–∏—Ç–∞—Ç—ã —Ç—É—Ç?,0
–ö–∞–∫–∏–µ —É –≤–∞—Å –ª—é–±–∏–º—ã–µ –Ω–æ–≤–æ–≥–æ–¥–Ω–∏–µ —Ñ–∏–ª—å–º—ã?,0
–ê –≤—ã –∑–∞–ø–æ–º–Ω–∏—Ç–µ —ç—Ç–æ—Ç –Ω–æ–≤—ã–π –≥–æ–¥?,0
–í —ç—Ç–æ—Ç –Ω–æ–≤—ã–π –≥–æ–¥ –°–∞–Ω—Ç–∞ –ö–ª–∞—É—Å –∏ –î–µ–¥ –º–æ—Ä–æ–∑ —Å–Ω–æ–≤–∞ –ø–µ—Ä–µ—Å–µ–∫—É—Ç—Å—è!,0
–ü–æ–≥–æ–≤–∞—Ä–∏–≤–∞—é—Ç —á—Ç–æ —Ç—É—Ç 51 –æ–¥–Ω–∞ —Ñ—Ä–∞–∑–∞ who knows ‚îê‚Å†(‚Å†‚Äò‚Å†ÔΩû‚Å†`‚Å†;‚Å†)‚Å†‚îå,0
–ê –≤—ã —Å–¥–µ–ª–∞–µ—Ç–µ –Ω–∞ —ç—Ç–æ—Ç –Ω–æ–≤—ã–π –≥–æ–¥ —Å–≤–æ–µ–≥–æ —Å–Ω–µ–∂–Ω–æ–≥–æ –∞–Ω–≥–µ–ª–∞?,0
All i want for Christmas is you, 0
2025-2026,0
–ò –Ω–∞—Å—Ç–∏–≥–Ω—É—Ç –º–æ—Ä–æ–∑—ã!,0
classic Christmas phrase.TXT,0
–ú–∞–Ω–¥–∞—Ä–∏–Ω –≤–∞–º –Ω–µ –∞–ø–µ–ª—å—Å–∏–Ω,0
–ê –≤ —ç—Ç–æ–º –≥–æ–¥—É –≤—ã —Å–µ–±—è —Ö–æ—Ä–æ—à–æ –≤–µ–ª–∏?,0
–í—ã —É–∂–µ –Ω–∞—Ä—è–¥–∏–ª–∏ —Å–≤–æ—é –Å–ª–∫—É –∫ –Ω–æ–≤–æ–º—É –≥–æ–¥—É?,0
Hatsune Miku –ø–µ—Ä–µ–¥–∞–µ—Ç –≤–∞–º —Å –Ω–∞—Å—Ç—É–ø–∞—é—â–∏–º (–Ω–∞—Å—Ç—É–ø–∏–≤—à–∏–º) –ù–æ–≤—ã–º –≥–æ–¥–æ–º!üé§,1
–ù–æ–≤–æ–≥–æ–¥–Ω–∏–π —ç–∫–ª–µ—Ä –≤ –∑–∏–º–Ω–µ–π —à–∞–ø–æ—á–∫–µ,1
–ï—Å–ª–∏ —É—á–∏—Ç–µ–ª—å–Ω–∏—Ü–∞ –≤–∞–º –ø–æ—Å—Ç–∞–≤–∏–ª–∞ –ø–ª–æ—Ö—É—é –æ—Ü–µ–Ω–∫—É! –ù–µ —Ä–∞—Å—Å—Ç—Ä–∞–∏–≤–∞–π—Ç–µ—Å—å –∑–∞–≥–∞–¥–∞–π—Ç–µ –Ω–∞ –Ω–æ–≤—ã–π –≥–æ–¥ —á—Ç–æ-–±—ã –µ—ë —É–≤–µ–∑–ª–∏ –≤ —Å–∏–±–∏—Ä—å –∏ –æ–Ω–∞ —Ç–∞–º –ø–æ –Ω–∞—Å—Ç–æ—è—â–µ–º—É –æ—Ç–ø—Ä–∞–∑–¥–Ω–æ–≤–∞–ª–∞ –Ω–æ–≤—ã–π –≥–æ–¥!,1
–ù–∞ –Ω–æ–≤–æ–≥–æ–¥–Ω–∏–µ —Å–∫–∏–¥–∫–∏ –º–æ–∂–Ω–æ –∫—É–ø–∏—Ç—å –≤—Å—è–∫–∏–π –ø—Ä–∏–∫–æ–ª—å–Ω–æ–µ –±–∞—Ä–∞—Ö–ª–æ!,1
You are such a Christmas Baka!üéÑ,1
It's the Most Wonderful Time of the Year!üéÖ,1
Merry pismas!,1
–ù–æ–≤–æ–≥–æ–¥–Ω–∏–µ —Ö–ª–æ–ø—å—è –≤ Christmas —à–∞–ø–æ—á–∫–µ,1
–ß–∏–ø—Å—ã —Å–æ –≤–∫—É—Å–æ–º –∫–∞—Ä–∞–º–µ–ª—å–Ω–æ–≥–æ —è–±–ª–æ–∫–∞,1
–ö–∞–∫–∞–æ —Å –º–∞—Ä—à–º–µ–ª–ª–æ—É,1